,target
0,https://valmont.jp/onlineshop
1,https://valmont.jp/product-category/lelixir-des-glaciers
2,https://valmont.jp/product-category/face/
3,https://valmont.jp/product-category/body/
4,https://valmont.jp/product-category/hair/
5,https://valmont.jp/#
6,https://valmont.jp/valmont/
7,https://valmont.jp/lelixir-des-glaciers/
8,https://valmont.jp/art-and-beauty/
9,http://www.ilprofvmo.com/japan/
10,https://valmont.jp/la-maison-valmont-tokyo/
11,https://valmont.jp/contac%ef%bd%94-us/
12,https://valmont.jp/product-category/lelixir-des-glaciers/
13,https://valmont.jp/product-category/face/
14,https://valmont.jp/product-category/body/
15,https://valmont.jp/product-category/hair
16,https://valmont.jp/valmont/
17,https://valmont.jp/art-and-beauty/
18,http://www.ilprofvmo.com/japan/
19,https://valmont.jp/la-maison-valmont-tokyo/
20,https://valmont.jp/terms-conditions/
21,https://valmont.jp/privacy-policy/
22,https://valmont.jp/onlineshop
23,https://valmont.jp/product-category/lelixir-des-glaciers
24,https://valmont.jp/product-category/face/
25,https://valmont.jp/product-category/body/
26,https://valmont.jp/product-category/hair/
27,https://valmont.jp/#
28,https://valmont.jp/valmont/
29,https://valmont.jp/lelixir-des-glaciers/
30,https://valmont.jp/art-and-beauty/
31,http://www.ilprofvmo.com/japan/
32,https://valmont.jp/la-maison-valmont-tokyo/
33,https://valmont.jp/contac%ef%bd%94-us/
