0,@lA3iog2HGwRZFeg,2019-10-26 16:43:37,"RT @SPAYRAL_1030: 🥒5分抽選🥒

【景品:エリートエージェント垢】

🌸参加方法🌸
@Game_man_desu 
@23696B 
@SPAYRAL_1030 
をフォロー&amp;リツイートのみ！
(通知オンの画像をリプに提示で当選確率UP↑↑↑)

みんなの応募…"
1,@slowde1_de,2019-10-26 16:43:37,"RT @NortonJapan: ／
その場で当たる！！
#ダークウェブハロウィン キャンペーン🎃
＼

フォロー＆このツイートをリツイートすると、
抽選で　#サーティワンアイスクリーム 🍧
レギュラーシングルギフト券がその場で当たる！🎁

▼今すぐ応募！▼
https://t…"
2,@mmmmm48204243,2019-10-26 16:43:37,"RT @NieR_tokyo: 🎁短期プレゼント企画🎁

こちらの当店オリジナルパーカーを

🎊4名様にプレゼント🎊

男女兼用ユニセックスアイテムになります。

◼応募方法
フォロー(@NieR_tokyo) &amp; RT
◼締切〆 10月30日(水曜日)24時まで

※鍵垢の方…"
3,@DellConsumer_JP,2019-10-26 16:43:36,"@jiro_pool RTありがとうございます！結果は動画をご覧ください！はずれても10/31まで毎日応募できます✨
クーポンコード(17%オフ) THANKYOU17P
使用期限：10/28まで… https://t.co/nHvaAzGnXp"
4,@hina_amano_1,2019-10-26 16:43:36,"RT @tctrx467: 26:30ぱすつい
@tctrx467 @airuu_ai フォロー、RT
・確定枠代表者のみ
・参加者全員
･ 参加者全員引用リツのいいね

応募はリプにて
26:00交換受け付けてます
1500×4（ちゅんかのみ）

#スクゲリラ  #ゲリラ…"
5,@yyu____1129,2019-10-26 16:43:36,"RT @RyoNishikido_JP: 今日も稼働してます。

ツアーの当落が今日だったみたいですね。

お陰さまで多くの方に御応募頂いたみたいです！

本当にありがとうございます！！

外れた方、折角応募してくれたのにホンマすんません。

何か出来る事はないか、しっかり考え…"
6,@mion_kitxips,2019-10-26 16:43:36,"RT @TIROL_jp: 【 #超巨大クッション #プレゼントキャンペーン 27日目♪】
#コーヒーヌガー40周年 を記念して11/9(土)まで実施✨

フォロー&amp;RTで応募完了★毎日参加🆗
⇒https://t.co/v2kFnekgMj

本日10月27日(日)は
こちら…"
7,@nyoro00,2019-10-26 16:43:36,"RT @TIROL_jp: 【 #超巨大クッション #プレゼントキャンペーン 27日目♪】
#コーヒーヌガー40周年 を記念して11/9(土)まで実施✨

フォロー&amp;RTで応募完了★毎日参加🆗
⇒https://t.co/v2kFnekgMj

本日10月27日(日)は
こちら…"
8,@jiro_pool,2019-10-26 16:43:36,"RT @DellConsumer_JP: 🎁残り5日！New XPS 13 2-in-1 がその場で当たる！🎁
3ステップで簡単応募＆結果はすぐにわかります！

①@DellConsumer_JP をフォロー
②この投稿をRT
③結果がリプライで届きます！

10/31まで毎日…"
9,@PIYOTTA0131,2019-10-26 16:43:36,"RT @osma_jp: 🎃ハッピーハロウィンキャンペーン🎃
iPhoneを持たれている方へ。
私たちのLightning系の商品🎁プレゼント🎁

▼応募方法
1．@osma_jp
をフォロー
2．この投稿をRT

▼応募期間
2019年10月25日から10月31日まで
当選者…"
10,@kavomori,2019-10-26 16:43:35,"RT @gusto_official: 🎃ハロウィンもガストへ🎃

画像をタップで止めておばけたちを捕まえよう！

総勢50名様に500円分のお食事券が当たる✨
10/29まで毎日挑戦🍴

 ■応募方法 
①@gusto_official をフォロー 
②この投稿を10/27…"
11,@_Suzu_0901,2019-10-26 16:43:35,"RT @pablow_BAD: おっパブゲリラ🔥
26日28時（27日4時）START
形式スクワッド
参加×応募条件
参加者全員RT＆Follow
@pablow_BAD @panpan0463 
リプにて代表者+チーム名記入して応募お願いします！
適当に確定枠取ります！…"
12,@rinkakensyo,2019-10-26 16:43:35,"RT @yayoiken_com: ＼６日目！／
#金の米粒プレゼントキャンペーン！フォロー＆RTで期間中、18金の金の米粒を5名様、やよい軒お食事券(1000円分)を50名様にプレゼント🎁
10/30まで毎日ご応募OK✨

応募方法
① フォロー
②この投稿を10/ 27 8…"
13,@5moko3,2019-10-26 16:43:35,"RT @matsuya_foods: ＼あと3日／
松屋㊗️フォロワー15万人&amp;㊗️1週間だけの『ごろチキ』復活祭記念‼️
#松屋のお食事券 15枚セットが抽選で1名様に当たる‼️フォロー＆RTキャンペーン🎉
応募方法👉
①@matsuya_foodsをフォロー
②この投稿をR…"
14,@OlveN4uYYHUGi6T,2019-10-26 16:43:35,"RT @majipre_panda: 【🎁プレゼント企画 第146回】スタートしました！

・アマギフ → 10名
・ググカ→ 1名

⭐️応募方法（下記4つ必須）
・フォロー
・リツイート
・リプに欲しいギフト
・必ずに当選ツイ出来る方‼️
※鍵垢は参加不可

⭐️締切
10…"
